id,date,f1,f2,f3,f4,f5,b1,b2
25147,2025-12-24,6,16,21,25,33,7,8
25146,2025-12-22,6,11,13,16,22,2,3
25145,2025-12-20,5,7,20,22,25,4,5
25144,2025-12-17,2,5,13,15,28,5,8
25143,2025-12-15,3,4,18,24,29,7,12
25142,2025-12-13,9,10,14,27,29,2,9
25141,2025-12-10,4,9,24,28,29,2,10
25140,2025-12-08,4,5,13,18,34,2,8
25139,2025-12-06,8,18,22,30,35,1,4
25138,2025-12-03,1,3,19,21,23,7,11
25137,2025-12-01,7,8,9,11,22,5,11
25136,2025-11-29,7,11,15,16,23,9,11
25135,2025-11-26,2,10,16,28,32,1,7
25134,2025-11-24,7,12,18,27,33,9,10
25133,2025-11-22,4,11,23,27,35,7,11
25132,2025-11-19,1,9,10,12,19,6,7
25131,2025-11-17,3,8,25,29,32,9,12
25130,2025-11-15,1,13,16,27,29,2,11
25129,2025-11-12,3,9,14,28,35,2,4
25128,2025-11-10,3,6,26,30,33,11,12
25127,2025-11-08,4,5,19,28,29,5,8
25126,2025-11-05,1,8,18,27,30,6,7
25125,2025-11-03,10,11,13,19,35,4,11
25124,2025-11-01,6,9,14,26,27,8,9
25123,2025-10-29,8,13,24,25,31,4,10
25122,2025-10-27,2,3,6,16,17,4,5
25121,2025-10-25,2,3,8,13,21,7,12
25120,2025-10-22,11,13,22,26,35,2,8
25119,2025-10-20,8,15,27,29,31,1,7
25118,2025-10-18,2,8,9,12,21,4,5
25117,2025-10-15,5,10,18,21,29,5,7
25116,2025-10-13,2,6,16,22,29,8,12
25115,2025-10-11,3,12,14,21,35,1,5
25114,2025-10-08,3,8,9,12,16,1,5
25113,2025-10-06,1,14,18,28,35,2,3
25112,2025-09-29,3,4,21,23,24,9,12
25111,2025-09-27,2,9,14,21,26,2,12
25110,2025-09-24,1,15,22,30,31,2,8
25109,2025-09-22,4,8,10,13,26,9,10
25108,2025-09-20,14,18,21,24,29,3,6
25107,2025-09-17,5,7,8,15,33,6,10
25106,2025-09-15,5,6,11,26,29,5,10
25105,2025-09-13,15,16,25,28,34,10,12
25104,2025-09-10,2,6,9,22,34,2,8
25103,2025-09-08,5,8,19,32,34,4,5
25102,2025-09-06,9,10,13,26,28,2,4
25101,2025-09-03,5,7,19,26,32,8,9
25100,2025-09-01,26,28,32,34,35,2,7
25099,2025-08-30,6,12,20,26,31,2,4
25098,2025-08-27,1,7,9,10,23,10,12
25097,2025-08-25,5,24,25,32,34,1,9
25096,2025-08-23,2,11,17,22,24,7,9
25095,2025-08-20,7,13,14,19,27,6,10
25094,2025-08-18,4,9,17,30,33,5,9
25093,2025-08-16,1,7,9,16,30,2,5
25092,2025-08-13,4,10,17,25,32,5,7
25091,2025-08-11,1,19,22,25,27,3,10
25090,2025-08-09,6,14,19,22,27,1,4
25089,2025-08-06,2,11,12,32,34,3,10
25088,2025-08-04,8,9,10,11,35,5,11
25087,2025-08-02,5,13,14,16,20,3,8
25086,2025-07-30,2,6,23,24,33,1,10
25085,2025-07-28,2,5,9,14,33,4,9
25084,2025-07-26,9,11,13,18,29,4,11
25083,2025-07-23,12,17,18,20,34,2,5
25082,2025-07-21,2,3,4,12,26,1,8
25081,2025-07-19,1,4,6,15,18,2,3
25080,2025-07-16,9,10,18,22,24,3,12
25079,2025-07-14,2,14,32,34,35,5,11
25078,2025-07-12,7,10,15,21,24,5,6
25077,2025-07-09,12,14,16,19,28,1,4
25076,2025-07-07,11,18,22,25,29,4,12
25075,2025-07-05,8,12,16,19,35,6,9
25074,2025-07-02,2,11,15,18,21,5,10
25073,2025-06-30,1,4,17,33,34,3,9
25072,2025-06-28,4,7,15,24,29,1,4
25071,2025-06-25,1,8,25,31,33,5,11
25070,2025-06-23,8,9,15,20,22,4,12
25069,2025-06-21,4,6,7,33,34,9,10
25068,2025-06-18,1,4,17,20,22,4,10
25067,2025-06-16,6,10,12,21,22,1,6
25066,2025-06-14,15,18,27,28,34,3,6
25065,2025-06-11,7,25,32,33,35,4,9
25064,2025-06-09,5,10,18,20,34,1,8
25063,2025-06-07,5,18,26,29,32,7,10
25062,2025-06-04,14,20,27,28,29,6,10
25061,2025-06-02,2,11,16,23,28,5,10
25060,2025-05-31,12,14,19,33,34,1,7
25059,2025-05-28,3,9,10,11,26,1,2
25058,2025-05-26,6,11,15,21,23,1,7
25057,2025-05-24,9,10,11,12,29,1,10
25056,2025-05-21,12,15,28,29,32,8,11
25055,2025-05-19,8,10,25,29,30,1,2
25054,2025-05-17,3,12,16,21,29,1,2
25053,2025-05-14,14,23,29,30,33,6,12
25052,2025-05-12,2,4,11,29,30,2,8
25051,2025-05-10,2,4,13,29,31,5,12
25050,2025-05-07,15,18,20,21,34,4,10
25049,2025-05-05,9,20,22,29,34,3,8
25048,2025-05-03,2,6,17,23,35,6,11
25047,2025-04-30,3,10,11,12,21,2,3
25046,2025-04-28,4,10,15,20,34,4,7
25045,2025-04-26,8,11,21,23,27,3,8
25044,2025-04-23,15,17,21,22,26,2,8
25043,2025-04-21,3,16,20,21,27,9,11
25042,2025-04-19,6,8,11,18,20,5,11
25041,2025-04-16,3,4,21,22,27,5,11
25040,2025-04-14,2,8,16,31,32,4,12
25039,2025-04-12,3,7,14,15,19,6,10
25038,2025-04-09,7,8,20,26,34,8,9
25037,2025-04-07,5,20,23,27,31,4,6
25036,2025-04-05,4,7,13,27,30,2,6
25035,2025-04-02,22,25,28,29,30,4,8
25034,2025-03-31,4,15,22,28,33,6,8
25033,2025-03-29,1,2,8,10,33,10,12
25032,2025-03-26,12,22,25,27,28,1,2
25031,2025-03-24,14,18,20,25,35,1,7
25030,2025-03-22,3,9,14,24,28,6,7
25029,2025-03-19,5,9,26,31,33,3,10
25028,2025-03-17,6,8,20,25,29,3,7
25027,2025-03-15,3,6,11,13,20,1,11
25026,2025-03-12,2,3,7,17,30,1,9
25025,2025-03-10,3,6,8,10,25,3,7
25024,2025-03-08,6,12,13,16,23,5,8
25023,2025-03-05,10,20,22,24,25,9,12
25022,2025-03-03,1,11,13,27,29,4,10
25021,2025-03-01,10,18,25,30,35,3,12
25020,2025-02-26,1,9,12,22,29,5,9
25019,2025-02-24,7,8,11,18,23,3,11
25018,2025-02-22,1,7,9,20,28,1,4
25017,2025-02-19,10,12,26,28,31,3,10
25016,2025-02-17,5,7,12,20,29,8,12
25015,2025-02-15,7,10,24,31,35,1,8
25014,2025-02-12,5,19,22,29,35,2,10
25013,2025-02-10,14,16,18,20,35,2,5
25012,2025-02-08,2,18,19,21,25,2,11
25011,2025-01-25,3,6,7,11,27,2,8
25010,2025-01-22,5,21,28,30,32,7,12
25009,2025-01-20,3,19,21,30,32,6,9
25008,2025-01-18,1,5,7,13,35,5,12
25007,2025-01-15,15,22,23,25,31,1,9
25006,2025-01-13,3,4,13,19,35,3,10
25005,2025-01-11,5,6,8,31,32,9,11
25004,2025-01-08,2,5,9,13,33,1,7
25003,2025-01-06,10,25,30,32,34,4,10
25002,2025-01-04,19,21,22,28,32,6,9
25001,2025-01-01,5,8,16,17,27,4,7
24152,2024-12-30,1,2,7,8,31,2,10
24151,2024-12-28,5,12,17,19,35,10,11
24150,2024-12-25,4,11,23,25,34,5,7
24149,2024-12-23,2,5,16,18,22,7,9
24148,2024-12-21,6,9,20,32,35,8,11
24147,2024-12-18,12,18,21,22,31,1,7
24146,2024-12-16,5,20,21,22,32,3,4
24145,2024-12-14,1,6,9,22,24,1,3
24144,2024-12-11,6,7,8,21,30,1,5
24143,2024-12-09,16,20,22,24,31,4,5
24142,2024-12-07,8,21,24,33,34,3,10
24141,2024-12-04,2,6,7,16,20,2,11
24140,2024-12-02,3,6,15,23,31,1,12
24139,2024-11-30,5,12,20,23,24,5,7
24138,2024-11-27,5,17,20,28,34,4,9
24137,2024-11-25,8,15,16,17,21,2,5
24136,2024-11-23,1,17,20,29,34,7,8
24135,2024-11-20,6,8,22,24,30,3,8
24134,2024-11-18,1,4,7,13,33,5,6
24133,2024-11-16,8,10,14,22,29,4,6
24132,2024-11-13,5,6,10,16,31,6,9
24131,2024-11-11,2,3,4,21,26,2,3
24130,2024-11-09,11,21,25,31,32,4,10
24129,2024-11-06,7,19,30,31,34,5,7
24128,2024-11-04,3,7,10,29,31,1,3
24127,2024-11-02,2,3,10,16,28,7,10
24126,2024-10-30,2,10,17,28,34,7,8
24125,2024-10-28,10,14,19,24,26,1,10
24124,2024-10-26,2,3,7,10,25,1,11
24123,2024-10-23,3,9,16,30,31,8,9
24122,2024-10-21,5,6,9,15,17,3,10
24121,2024-10-19,7,15,18,24,33,4,5
24120,2024-10-16,4,12,17,23,27,2,8
24119,2024-10-14,6,12,28,30,33,2,7
24118,2024-10-12,1,3,9,16,19,5,11
24117,2024-10-09,2,10,22,26,28,2,4
24116,2024-10-07,1,3,6,16,25,1,11
24115,2024-10-05,3,4,12,19,24,8,12
24114,2024-09-30,12,27,30,34,35,5,11
24113,2024-09-28,16,18,25,26,33,4,8
24112,2024-09-25,5,15,24,31,34,3,10
24111,2024-09-23,3,9,19,27,30,7,11
24110,2024-09-21,1,7,8,18,28,4,12
24109,2024-09-18,12,23,26,27,28,3,11
24108,2024-09-16,16,17,21,31,34,3,8
24107,2024-09-14,6,14,16,18,34,3,10
24106,2024-09-11,5,11,19,22,29,2,12
24105,2024-09-09,14,20,21,28,32,9,11
24104,2024-09-07,1,4,9,13,17,6,9
24103,2024-09-04,19,21,29,32,33,6,8
24102,2024-09-02,1,5,9,14,20,5,11
24101,2024-08-31,16,19,22,27,35,6,10
24100,2024-08-28,2,12,19,22,32,5,11
24099,2024-08-26,4,10,24,31,35,5,8
24098,2024-08-24,3,10,15,19,29,9,10
24097,2024-08-21,7,11,12,14,19,2,8
24096,2024-08-19,2,3,23,27,31,1,10
24095,2024-08-17,1,7,19,26,27,3,5
24094,2024-08-14,12,13,24,29,31,2,8
24093,2024-08-12,16,24,26,28,29,8,12
24092,2024-08-10,2,4,25,26,31,1,6
24091,2024-08-07,1,8,11,17,21,1,2
24090,2024-08-05,2,3,6,28,33,7,11
24089,2024-08-03,5,6,29,30,34,7,8
24088,2024-07-31,1,2,23,28,32,3,5
24087,2024-07-29,7,10,20,28,34,5,10
24086,2024-07-27,11,12,14,22,28,7,11
24085,2024-07-24,2,9,16,29,35,1,6
24084,2024-07-22,4,11,16,17,23,5,10
24083,2024-07-20,9,11,12,13,30,7,9
24082,2024-07-17,8,21,23,24,26,4,5
24081,2024-07-15,14,15,25,27,34,1,10
24080,2024-07-13,3,5,24,27,28,9,11
24079,2024-07-10,3,8,17,18,23,6,11
24078,2024-07-08,5,7,10,14,15,4,7
24077,2024-07-06,1,3,25,26,29,6,12
24076,2024-07-03,1,6,22,27,35,7,12
24075,2024-07-01,8,17,26,28,32,1,10
24074,2024-06-29,2,10,11,21,27,9,11
24073,2024-06-26,7,9,12,21,23,5,9
24072,2024-06-24,4,17,21,23,32,1,6
24071,2024-06-22,6,10,15,34,35,2,10
24070,2024-06-19,4,20,21,32,34,2,9
24069,2024-06-17,7,9,16,20,24,3,7
24068,2024-06-15,15,20,31,32,33,5,10
24067,2024-06-12,3,11,14,20,22,6,9
24066,2024-06-10,13,19,20,24,25,6,7
24065,2024-06-08,5,10,18,26,27,3,6
24064,2024-06-05,5,12,21,32,33,8,9
24063,2024-06-03,7,12,16,33,34,1,3
24062,2024-06-01,5,14,15,16,33,3,5
24061,2024-05-29,1,12,19,31,33,5,8
24060,2024-05-27,3,21,25,28,30,1,12
24059,2024-05-25,17,18,20,25,31,3,12
24058,2024-05-22,6,10,13,20,32,1,2
24057,2024-05-20,9,25,30,33,34,3,9
24056,2024-05-18,16,17,18,27,35,6,12
24055,2024-05-15,7,17,22,30,34,5,7
24054,2024-05-13,5,6,9,11,22,1,3
24053,2024-05-11,1,7,19,20,35,3,9
24052,2024-05-08,2,3,13,22,34,4,8
24051,2024-05-06,5,21,22,23,29,1,2
24050,2024-05-04,3,4,14,18,26,7,9
24049,2024-05-01,4,6,9,10,22,1,8
24048,2024-04-29,12,18,21,26,28,8,9
24047,2024-04-27,11,19,21,26,35,10,11
24046,2024-04-24,6,12,17,29,30,7,11
24045,2024-04-22,9,10,14,31,32,3,8
24044,2024-04-20,3,13,15,17,22,6,10
24043,2024-04-17,3,4,8,14,27,5,7
24042,2024-04-15,1,8,15,23,35,5,12
24041,2024-04-13,6,8,14,16,28,3,5
24040,2024-04-10,5,12,16,29,30,3,6
24039,2024-04-08,3,10,11,20,22,6,10
24038,2024-04-06,15,22,24,25,29,1,5
24037,2024-04-03,17,19,20,29,35,7,11
24036,2024-04-01,2,5,11,32,34,6,10
24035,2024-03-30,5,13,17,29,33,5,12
24034,2024-03-27,23,26,27,29,33,5,8
24033,2024-03-25,4,8,10,11,15,7,9
24032,2024-03-23,5,15,26,33,35,1,9
24031,2024-03-20,9,12,15,30,34,5,6
24030,2024-03-18,8,9,11,19,30,6,12
24029,2024-03-16,4,19,24,28,34,4,5
24028,2024-03-13,13,18,20,26,28,4,8
24027,2024-03-11,8,9,16,22,23,7,9
24026,2024-03-09,1,18,21,26,33,2,12
24025,2024-03-06,1,2,8,18,27,4,8
24024,2024-03-04,3,5,12,17,26,1,12
24023,2024-03-02,8,10,12,14,22,5,9
24022,2024-02-28,7,9,11,31,32,4,8
24021,2024-02-26,1,12,16,20,28,7,9
24020,2024-02-24,2,4,8,19,26,2,6
24019,2024-02-21,19,20,26,29,30,3,4
24018,2024-02-19,4,12,19,25,27,1,9
24017,2024-02-07,3,7,25,27,35,1,4
24016,2024-02-05,15,18,25,27,29,6,11
24015,2024-02-03,8,11,14,24,31,5,6
24014,2024-01-31,4,5,16,21,31,9,11
24013,2024-01-29,5,22,25,28,30,3,12
24012,2024-01-27,21,22,25,26,34,1,9
24011,2024-01-24,1,3,27,32,34,1,7
24010,2024-01-22,2,8,10,15,27,2,8
24009,2024-01-20,15,18,19,24,26,5,9
24008,2024-01-17,4,6,11,20,30,3,5
24007,2024-01-15,4,5,28,34,35,4,11
24006,2024-01-13,8,13,16,17,33,2,10
24005,2024-01-10,3,5,7,9,12,5,8
24004,2024-01-08,2,6,18,19,27,8,9
24003,2024-01-06,7,9,12,23,29,1,2
24002,2024-01-03,1,6,8,27,32,3,4
24001,2024-01-01,3,9,17,26,35,2,7
23150,2023-12-30,5,6,17,18,33,11,12
23149,2023-12-27,1,16,17,21,29,1,6
23148,2023-12-25,11,12,20,21,27,2,12
23147,2023-12-23,6,7,19,33,34,3,8
23146,2023-12-20,14,18,19,26,31,2,7
23145,2023-12-18,6,10,12,32,33,6,7
23144,2023-12-16,5,14,18,25,35,1,10
23143,2023-12-13,9,20,23,29,33,2,10
23142,2023-12-11,4,13,15,17,32,10,12
23141,2023-12-09,4,22,25,30,31,4,5
23140,2023-12-06,1,2,9,19,30,1,2
23139,2023-12-04,15,16,25,31,34,5,9
23138,2023-12-02,7,12,20,28,31,9,10
23137,2023-11-29,4,19,21,30,31,6,12
23136,2023-11-27,13,23,27,30,34,6,9
23135,2023-11-25,5,18,22,28,29,9,12
23134,2023-11-22,10,15,22,27,33,1,12
23133,2023-11-20,10,18,25,28,33,5,11
23132,2023-11-18,3,4,12,15,23,2,6
23131,2023-11-15,3,7,21,22,24,6,7
23130,2023-11-13,13,20,27,29,30,1,7
23129,2023-11-11,9,23,25,27,33,6,12
23128,2023-11-08,1,5,7,12,13,2,6
23127,2023-11-06,4,7,8,18,19,2,6
23126,2023-11-04,7,12,17,26,34,2,6
23125,2023-11-01,7,25,26,29,32,2,8
23124,2023-10-30,6,18,23,27,32,6,10
23123,2023-10-28,2,14,16,28,30,2,7
23122,2023-10-25,1,7,9,25,29,10,12
23121,2023-10-23,5,11,15,23,33,1,9
23120,2023-10-21,2,8,16,31,34,1,10
23119,2023-10-18,4,8,10,14,21,4,10
23118,2023-10-16,6,7,13,25,33,5,8
23117,2023-10-14,5,7,15,18,20,3,4
23116,2023-10-11,1,3,9,18,29,4,9
23115,2023-10-09,7,10,23,31,34,2,10
23114,2023-10-07,2,25,27,30,35,1,10
23113,2023-09-30,6,8,30,32,33,3,10
23112,2023-09-27,1,11,17,22,27,2,9
23111,2023-09-25,3,12,15,28,35,2,12
23110,2023-09-23,4,9,11,13,17,7,8
23109,2023-09-20,1,12,21,22,31,2,9
23108,2023-09-18,5,6,17,30,32,2,8
23107,2023-09-16,1,12,15,16,18,3,10
23106,2023-09-13,16,24,26,28,31,1,6
23105,2023-09-11,7,8,19,20,25,2,11
23104,2023-09-09,6,15,16,32,33,8,10
23103,2023-09-06,8,11,19,31,32,8,11
23102,2023-09-04,2,4,7,16,33,7,11
23101,2023-09-02,6,14,16,17,28,7,10
23100,2023-08-30,4,6,13,19,35,9,11
23099,2023-08-28,9,11,13,22,23,6,7
23098,2023-08-26,2,7,15,30,34,5,9
23097,2023-08-23,6,7,18,20,22,3,9
23096,2023-08-21,6,7,14,21,31,3,10
23095,2023-08-19,8,19,28,32,34,3,7
23094,2023-08-16,12,19,22,28,32,8,12
23093,2023-08-14,11,14,17,19,21,1,5
23092,2023-08-12,3,16,21,26,32,3,12
23091,2023-08-09,6,16,18,28,29,7,11
23090,2023-08-07,8,11,12,19,35,11,12
23089,2023-08-05,3,12,20,26,35,2,12
23088,2023-08-02,8,14,16,22,24,9,12
23087,2023-07-31,3,4,16,19,24,4,5
23086,2023-07-29,3,11,15,20,35,7,11
23085,2023-07-26,11,12,26,31,35,5,7
23084,2023-07-24,3,5,8,24,32,7,8
23083,2023-07-22,13,15,21,25,32,9,10
23082,2023-07-19,2,8,9,15,20,3,9
23081,2023-07-17,5,6,23,28,35,7,10
23080,2023-07-15,1,2,9,16,30,1,11
23079,2023-07-12,6,8,26,29,34,5,8
23078,2023-07-10,2,3,6,26,27,7,8
23077,2023-07-08,5,16,18,26,35,3,6
23076,2023-07-05,8,9,11,26,34,2,7
23075,2023-07-03,7,17,20,23,32,5,11
23074,2023-07-01,3,13,22,29,34,2,9
23073,2023-06-28,15,25,28,30,35,8,10
23072,2023-06-26,5,6,9,11,14,2,4
23071,2023-06-24,2,11,12,32,34,10,12
23070,2023-06-21,10,26,29,32,33,3,11
23069,2023-06-19,8,20,21,25,32,5,7
23068,2023-06-17,21,22,24,27,31,7,8
23067,2023-06-14,2,28,30,33,35,2,10
23066,2023-06-12,6,11,13,30,32,1,3
23065,2023-06-10,8,14,16,21,25,3,12
23064,2023-06-07,2,6,9,31,32,3,7
23063,2023-06-05,4,18,29,31,34,6,9
23062,2023-06-03,6,8,22,24,30,1,8
23061,2023-05-31,7,11,21,30,32,5,7
23060,2023-05-29,2,7,19,24,30,9,12
23059,2023-05-27,9,13,23,25,28,4,7
23058,2023-05-24,19,22,29,32,35,5,8
23057,2023-05-22,1,5,6,19,24,5,11
23056,2023-05-20,13,22,24,33,34,1,2
23055,2023-05-17,6,8,12,13,15,1,6
23054,2023-05-15,19,25,30,31,34,7,9
23053,2023-05-13,1,3,11,14,20,2,11
23052,2023-05-10,2,8,11,30,33,5,8
23051,2023-05-08,3,11,19,29,33,3,12
23050,2023-05-06,8,9,14,25,29,4,6
23049,2023-05-03,3,17,22,26,28,7,12
23048,2023-05-01,7,13,16,25,32,9,11
23047,2023-04-29,10,12,13,24,25,11,12
23046,2023-04-26,13,21,25,28,32,2,10
23045,2023-04-24,7,10,13,28,31,4,5
23044,2023-04-22,2,6,7,8,15,7,10
23043,2023-04-19,2,4,17,20,27,1,8
23042,2023-04-17,2,16,21,23,27,1,8
23041,2023-04-15,5,8,13,26,35,5,9
23040,2023-04-12,4,5,18,22,30,5,12
23039,2023-04-10,2,24,26,30,34,6,7
23038,2023-04-08,4,10,18,27,32,10,12
23037,2023-04-05,6,8,16,20,24,7,8
23036,2023-04-03,1,13,22,26,31,2,10
23035,2023-04-01,7,14,23,25,29,2,11
23034,2023-03-29,7,9,10,15,24,4,12
23033,2023-03-27,4,6,10,11,25,7,9
23032,2023-03-25,5,6,18,28,30,2,7
23031,2023-03-22,5,7,8,16,25,3,11
23030,2023-03-20,6,11,12,20,35,5,12
23029,2023-03-18,7,25,27,34,35,9,11
23028,2023-03-15,1,3,29,30,34,4,12
23027,2023-03-13,9,10,12,15,23,3,6
23026,2023-03-11,2,13,24,27,30,1,6
23025,2023-03-08,3,9,27,30,31,11,12
23024,2023-03-06,11,15,24,27,30,1,10
23023,2023-03-04,9,21,23,25,33,3,10
23022,2023-03-01,7,11,15,26,28,8,10
23021,2023-02-27,2,9,18,23,27,3,5
23020,2023-02-25,5,6,23,25,28,6,9
23019,2023-02-22,5,8,9,11,15,6,8
23018,2023-02-20,4,8,17,26,30,3,11
23017,2023-02-18,2,5,9,22,27,10,11
23016,2023-02-15,2,4,12,31,32,7,11
23015,2023-02-13,8,16,24,25,34,8,12
23014,2023-02-11,3,8,18,22,24,1,9
23013,2023-02-08,1,2,9,23,25,2,6
23012,2023-02-06,7,16,17,18,28,2,3
23011,2023-02-04,2,7,8,17,25,1,3
23010,2023-02-01,5,6,13,23,26,1,6
23009,2023-01-30,1,5,11,15,33,1,10
23008,2023-01-18,4,9,17,22,25,1,5
23007,2023-01-16,2,3,24,30,32,1,6
23006,2023-01-14,2,4,12,27,35,6,7
23005,2023-01-11,1,3,10,20,29,6,11
23004,2023-01-09,4,13,15,20,22,4,8
23003,2023-01-07,5,6,14,21,22,2,9
23002,2023-01-04,11,14,21,26,27,2,7
23001,2023-01-02,18,19,24,27,34,11,12
22150,2022-12-31,6,7,26,29,30,3,12
22149,2022-12-28,15,19,22,26,28,2,7
22148,2022-12-26,4,5,6,26,27,7,12
22147,2022-12-24,4,12,22,28,30,9,11
22146,2022-12-21,1,21,23,28,35,7,9
22145,2022-12-19,10,20,29,30,35,6,9
22144,2022-12-17,3,4,8,15,21,4,7
22143,2022-12-14,10,13,14,27,33,7,8
22142,2022-12-12,7,12,14,29,35,1,11
22141,2022-12-10,5,6,14,24,25,2,4
22140,2022-12-07,5,15,25,26,29,4,12
22139,2022-12-05,1,13,14,22,35,2,5
22138,2022-12-03,5,13,16,27,33,7,12
22137,2022-11-30,5,6,8,15,20,7,8
22136,2022-11-28,1,11,15,17,33,3,11
22135,2022-11-26,9,10,27,31,32,1,3
22134,2022-11-23,3,16,23,27,32,3,6
22133,2022-11-21,1,2,14,30,31,6,9
22132,2022-11-19,2,27,30,34,35,9,12
22131,2022-11-16,2,6,8,10,17,5,6
22130,2022-11-14,5,7,15,18,23,5,10
22129,2022-11-12,10,17,23,34,35,1,4
22128,2022-11-09,10,19,21,23,35,4,10
22127,2022-11-07,2,3,8,9,20,4,10
22126,2022-11-05,4,5,8,22,35,1,3
22125,2022-11-02,3,7,14,16,19,1,11
22124,2022-10-31,2,4,11,25,30,6,12
22123,2022-10-29,2,20,28,29,30,7,10
22122,2022-10-26,4,15,17,19,25,6,12
22121,2022-10-24,4,15,16,20,21,4,5
22120,2022-10-22,11,22,26,30,33,3,5
22119,2022-10-19,1,9,16,25,29,4,9
22118,2022-10-17,2,5,15,17,26,2,8
22117,2022-10-15,9,12,15,21,32,2,7
22116,2022-10-12,1,7,20,22,31,7,12
22115,2022-10-10,17,19,20,23,27,3,8
22114,2022-10-08,11,21,24,27,28,5,10
22113,2022-10-05,13,15,22,31,33,5,12
22112,2022-09-28,4,11,18,20,26,6,12
22111,2022-09-26,6,12,16,19,31,6,10
22110,2022-09-24,2,13,16,18,23,3,6
22109,2022-09-21,5,9,24,29,35,5,12
22108,2022-09-19,4,7,13,26,28,7,11
22107,2022-09-17,7,9,19,28,29,8,10
22106,2022-09-14,16,17,21,28,32,4,7
22105,2022-09-12,1,8,9,21,22,1,4
22104,2022-09-10,3,5,13,19,25,2,5
22103,2022-09-07,8,12,16,21,32,1,12
22102,2022-09-05,1,5,14,20,30,2,4
22101,2022-09-03,2,4,6,7,8,3,6
22100,2022-08-31,10,19,20,23,31,3,7
22099,2022-08-29,7,18,25,27,33,4,5
22098,2022-08-27,1,3,6,11,13,3,11
22097,2022-08-24,5,13,22,28,29,5,11
22096,2022-08-22,16,19,24,27,33,1,6
22095,2022-08-20,5,8,22,25,35,2,7
22094,2022-08-17,3,4,7,12,19,2,5
22093,2022-08-15,7,11,14,21,29,7,10
22092,2022-08-13,1,4,12,23,29,5,12
22091,2022-08-10,2,11,20,22,34,4,12
22090,2022-08-08,1,20,24,25,31,9,12
22089,2022-08-06,1,20,21,31,33,3,11
22088,2022-08-03,1,8,10,20,35,6,11
22087,2022-08-01,4,6,10,24,28,6,12
22086,2022-07-30,4,10,21,28,31,8,11
22085,2022-07-27,11,16,31,33,35,6,8
22084,2022-07-25,3,11,19,25,27,4,12
22083,2022-07-23,2,9,17,26,32,4,6
22082,2022-07-20,4,26,27,30,33,2,9
22081,2022-07-18,5,10,19,31,32,9,10
22080,2022-07-16,10,17,30,31,34,3,6
22079,2022-07-13,7,10,19,26,32,8,12
22078,2022-07-11,2,3,18,20,27,1,2
22077,2022-07-09,5,10,11,16,19,1,10
22076,2022-07-06,5,17,30,34,35,2,9
22075,2022-07-04,4,12,13,17,18,7,9
22074,2022-07-02,2,6,21,25,28,2,6
22073,2022-06-29,11,18,21,25,32,2,4
22072,2022-06-27,1,12,13,15,30,3,7
22071,2022-06-25,9,15,19,25,29,8,9
22070,2022-06-22,1,7,17,23,35,7,11
22069,2022-06-20,2,3,23,28,35,2,9
22068,2022-06-18,3,6,10,15,23,3,8
22067,2022-06-15,4,14,15,32,33,10,11
22066,2022-06-13,2,24,25,26,34,3,12
22065,2022-06-11,5,10,13,22,28,1,4
22064,2022-06-08,2,19,22,25,35,5,7
22063,2022-06-06,2,3,22,26,31,6,10
22062,2022-06-04,5,9,11,12,31,7,11
22061,2022-06-01,6,9,19,22,30,1,6
22060,2022-05-30,2,6,10,11,20,3,9
22059,2022-05-28,4,15,18,32,34,4,9
22058,2022-05-25,3,4,24,26,35,7,8
22057,2022-05-23,6,12,18,21,35,7,10
22056,2022-05-21,2,11,15,17,31,7,9
22055,2022-05-18,1,2,12,15,23,4,6
22054,2022-05-16,5,16,21,23,34,7,10
22053,2022-05-14,9,17,19,20,25,1,9
22052,2022-05-11,1,13,18,29,35,4,9
22051,2022-05-09,1,16,17,19,33,5,6
22050,2022-05-07,2,10,21,24,30,8,10
22049,2022-05-04,6,10,20,28,35,1,10
22048,2022-05-02,16,22,28,29,32,8,9
22047,2022-04-30,7,10,11,12,33,3,11
22046,2022-04-27,6,7,12,22,27,3,5
22045,2022-04-25,2,3,7,12,20,1,5
22044,2022-04-23,1,2,16,17,20,3,7
22043,2022-04-20,2,16,17,24,30,9,12
22042,2022-04-18,8,10,11,29,32,2,6
22041,2022-04-16,5,15,25,26,33,6,11
22040,2022-04-13,10,19,25,29,33,8,12
22039,2022-04-11,1,8,11,22,31,5,11
22038,2022-04-09,7,9,11,12,26,9,12
22037,2022-04-06,1,9,17,20,28,6,10
22036,2022-04-04,18,19,21,26,34,6,7
22035,2022-04-02,9,11,13,23,31,5,8
22034,2022-03-30,2,10,24,27,28,6,7
22033,2022-03-28,8,15,16,19,33,3,4
22032,2022-03-26,5,9,18,31,32,1,5
22031,2022-03-23,7,14,16,20,28,4,8
22030,2022-03-21,12,14,15,21,30,1,9
22029,2022-03-19,7,8,10,14,17,10,12
22028,2022-03-16,4,9,16,17,35,1,7
22027,2022-03-14,3,6,11,31,32,5,12
22026,2022-03-12,11,14,22,23,27,8,10
22025,2022-03-09,4,7,22,24,29,1,7
22024,2022-03-07,1,2,11,30,35,1,12
22023,2022-03-05,4,5,18,20,25,11,12
22022,2022-03-02,1,5,14,17,28,6,7
22021,2022-02-28,11,15,16,18,35,6,9
22020,2022-02-26,16,17,30,31,35,8,9
22019,2022-02-23,1,4,7,17,21,1,2
22018,2022-02-21,16,21,29,31,34,6,9
22017,2022-02-19,10,14,18,23,25,7,11
22016,2022-02-16,1,7,17,26,32,1,9
22015,2022-02-14,1,2,8,12,30,5,12
22014,2022-02-12,1,4,10,18,32,1,9
22013,2022-02-09,4,9,16,25,32,5,6
22012,2022-01-26,3,5,10,33,34,7,10
22011,2022-01-24,3,5,17,24,32,5,12
22010,2022-01-22,4,19,25,31,35,2,11
22009,2022-01-19,13,14,18,31,33,7,10
22008,2022-01-17,1,2,13,18,34,6,7
22007,2022-01-15,5,22,23,25,35,3,11
22006,2022-01-12,1,5,7,17,20,5,12
22005,2022-01-10,2,13,17,19,34,5,9
22004,2022-01-08,7,20,27,30,33,3,4
22003,2022-01-05,2,18,24,25,34,8,12
22002,2022-01-03,4,6,7,9,24,4,12
22001,2022-01-01,8,11,19,22,29,3,11
21150,2021-12-29,4,10,11,23,26,7,10
21149,2021-12-27,20,26,28,30,35,10,11
21148,2021-12-25,1,4,12,16,29,4,8
21147,2021-12-22,1,2,8,12,26,1,7
21146,2021-12-20,3,5,8,18,20,9,11
21145,2021-12-18,3,8,25,29,30,1,6
21144,2021-12-15,3,20,25,30,34,2,9
21143,2021-12-13,9,17,19,29,34,4,11
21142,2021-12-11,11,13,17,19,25,2,9
21141,2021-12-08,2,8,16,29,34,5,12
21140,2021-12-06,5,24,26,33,35,9,12
21139,2021-12-04,5,13,18,23,34,8,9
21138,2021-12-01,9,11,12,15,31,5,11
21137,2021-11-29,2,7,13,14,19,4,5
21136,2021-11-27,8,12,19,27,33,2,5
21135,2021-11-24,4,7,17,29,31,5,6
21134,2021-11-22,2,6,14,19,28,1,6
21133,2021-11-20,8,9,17,26,28,6,8
21132,2021-11-17,4,21,28,29,33,3,11
21131,2021-11-15,6,8,16,34,35,5,6
21130,2021-11-13,2,3,14,27,28,5,10
21129,2021-11-10,2,16,17,18,34,4,10
21128,2021-11-08,14,17,18,23,27,5,8
21127,2021-11-06,1,2,15,17,26,2,11
21126,2021-11-03,1,11,12,34,35,9,12
21125,2021-11-01,17,19,21,27,31,4,9
21124,2021-10-30,10,17,22,25,35,7,9
21123,2021-10-27,8,23,26,27,33,8,9
21122,2021-10-25,14,15,26,27,29,4,5
21121,2021-10-23,2,15,19,29,30,2,9
21120,2021-10-20,5,10,21,25,31,5,11
21119,2021-10-18,1,2,9,16,30,9,10
21118,2021-10-16,14,17,18,28,34,2,3
21117,2021-10-13,11,18,21,22,33,5,6
21116,2021-10-11,4,25,28,29,35,3,11
21115,2021-10-09,8,13,19,20,29,6,10
21114,2021-10-06,8,9,13,29,30,1,11
21113,2021-09-29,17,18,25,27,28,4,8
21112,2021-09-27,18,21,22,23,35,11,12
21111,2021-09-25,7,8,15,19,28,8,9
21110,2021-09-22,11,14,29,31,32,11,12
21109,2021-09-20,3,4,7,27,31,6,9
21108,2021-09-18,5,19,22,26,35,2,6
21107,2021-09-15,3,5,13,20,25,7,11
21106,2021-09-13,2,13,14,32,34,2,12
21105,2021-09-11,7,10,11,17,18,4,9
21104,2021-09-08,23,25,26,30,33,3,11
21103,2021-09-06,4,10,23,30,31,5,11
21102,2021-09-04,2,8,11,16,23,2,7
21101,2021-09-01,13,18,19,27,32,6,11
21100,2021-08-30,7,11,23,26,28,2,7
21099,2021-08-28,15,19,27,28,30,3,4
21098,2021-08-25,2,7,21,27,33,7,9
21097,2021-08-23,11,26,30,31,33,3,10
21096,2021-08-21,7,8,10,20,21,1,5
21095,2021-08-18,10,15,19,20,30,11,12
21094,2021-08-16,5,6,24,27,33,5,12
21093,2021-08-14,20,25,27,28,31,8,11
21092,2021-08-11,12,14,27,28,34,3,7
21091,2021-08-09,1,4,10,21,29,3,5
21090,2021-08-07,6,7,19,26,32,6,12
21089,2021-08-04,1,17,24,28,35,10,12
21088,2021-08-02,2,14,31,34,35,1,7
21087,2021-07-31,10,14,15,25,28,3,10
21086,2021-07-28,2,3,7,16,17,6,10
21085,2021-07-26,1,12,15,26,35,10,11
21084,2021-07-24,2,10,14,30,33,6,9
21083,2021-07-21,7,9,11,26,35,1,8
21082,2021-07-19,1,14,22,29,33,3,10
21081,2021-07-17,5,13,24,29,35,7,8
21080,2021-07-14,15,16,20,29,30,6,10
21079,2021-07-12,6,14,19,26,33,8,11
21078,2021-07-10,2,8,17,19,25,1,5
21077,2021-07-07,2,6,9,21,25,6,8
21076,2021-07-05,6,13,22,25,26,2,4
21075,2021-07-03,6,14,15,17,20,1,5
21074,2021-06-30,11,14,18,20,25,3,7
21073,2021-06-28,8,12,14,20,24,6,10
21072,2021-06-26,2,3,15,22,26,3,11
21071,2021-06-23,8,11,16,29,35,1,4
21070,2021-06-21,3,20,21,22,24,6,12
21069,2021-06-19,1,3,24,32,33,4,6
21068,2021-06-16,2,20,21,26,30,2,10
21067,2021-06-14,1,4,22,23,34,8,9
21066,2021-06-12,24,26,29,34,35,9,11
21065,2021-06-09,23,25,30,31,35,7,8
21064,2021-06-07,1,17,19,32,34,6,10
21063,2021-06-05,5,9,14,29,30,9,11
21062,2021-06-02,4,6,23,32,34,5,7
21061,2021-05-31,15,19,20,26,32,4,7
21060,2021-05-29,9,13,25,31,33,3,7
21059,2021-05-26,4,16,27,28,35,2,9
21058,2021-05-24,13,15,17,23,34,1,11
21057,2021-05-22,5,7,19,20,28,5,7
21056,2021-05-19,3,11,16,21,26,9,10
21055,2021-05-17,3,6,10,11,24,10,11
21054,2021-05-15,3,6,17,20,25,3,9
21053,2021-05-12,3,6,15,17,35,7,11
21052,2021-05-10,2,11,13,14,30,9,12
21051,2021-05-08,1,4,14,16,19,3,4
21050,2021-05-05,9,22,32,33,35,5,10
21049,2021-05-03,1,10,22,23,25,2,12
21048,2021-05-01,4,7,17,21,27,10,12
21047,2021-04-28,1,6,9,25,33,4,8
21046,2021-04-26,6,8,12,14,18,6,8
21045,2021-04-24,1,4,6,11,19,7,9
21044,2021-04-21,6,18,31,33,35,10,11
21043,2021-04-19,7,12,17,19,34,1,10
21042,2021-04-17,9,15,20,23,29,4,5
21041,2021-04-14,2,5,9,11,32,4,9
21040,2021-04-12,2,3,9,16,19,3,7
21039,2021-04-10,4,12,14,21,35,2,11
21038,2021-04-07,9,11,20,29,32,1,7
21037,2021-04-05,10,21,27,29,33,4,12
21036,2021-04-03,8,17,25,28,33,7,11
21035,2021-03-31,5,11,16,30,32,3,4
21034,2021-03-29,8,10,14,25,34,7,8
21033,2021-03-27,1,3,5,30,32,1,5
21032,2021-03-24,1,11,14,34,35,7,10
21031,2021-03-22,1,4,19,20,34,3,5
21030,2021-03-20,18,23,25,26,32,2,7
21029,2021-03-17,2,6,10,32,33,4,7
21028,2021-03-15,2,3,5,17,29,4,10
21027,2021-03-13,9,21,22,26,30,4,12
21026,2021-03-10,7,11,20,24,27,1,11
21025,2021-03-08,17,18,23,30,31,10,12
21024,2021-03-06,11,14,21,24,31,2,10
21023,2021-03-03,7,9,13,16,32,2,9
21022,2021-03-01,2,12,22,30,33,2,4
21021,2021-02-27,16,18,29,33,35,9,12
21020,2021-02-24,7,21,22,30,33,4,6
21019,2021-02-22,1,12,13,28,29,3,4
21018,2021-02-20,2,20,23,26,34,5,10
21017,2021-02-08,17,21,26,29,32,2,7
21016,2021-02-06,8,9,10,19,34,1,2
21015,2021-02-03,4,8,17,19,25,1,7
21014,2021-02-01,7,13,20,27,29,4,9
21013,2021-01-30,21,27,28,30,34,8,11
21012,2021-01-27,6,12,20,23,33,1,9
21011,2021-01-25,6,9,11,14,21,1,3
21010,2021-01-23,1,5,16,22,34,8,11
21009,2021-01-20,1,3,20,29,32,5,12
21008,2021-01-18,5,19,20,27,33,3,8
21007,2021-01-16,5,23,30,34,35,8,10
21006,2021-01-13,4,22,25,28,35,4,5
21005,2021-01-11,3,7,10,12,35,3,5
21004,2021-01-09,5,10,17,23,28,2,8
21003,2021-01-06,7,21,28,31,35,4,10
21002,2021-01-04,2,16,26,31,34,9,11
21001,2021-01-02,2,6,12,19,33,8,9
20134,2020-12-30,8,11,13,22,25,4,7
20133,2020-12-28,11,24,26,33,35,8,9
20132,2020-12-26,3,15,16,17,21,7,10
20131,2020-12-23,8,25,27,29,35,2,3
20130,2020-12-21,16,17,23,26,32,2,12
20129,2020-12-19,10,22,27,33,34,1,11
20128,2020-12-16,9,12,13,26,33,4,10
20127,2020-12-14,1,4,17,18,26,3,10
20126,2020-12-12,1,4,9,22,28,4,12
20125,2020-12-09,1,2,3,8,22,1,4
20124,2020-12-07,11,15,24,26,35,4,5
20123,2020-12-05,1,7,11,15,21,4,11
20122,2020-12-02,8,19,29,34,35,6,11
20121,2020-11-30,9,17,27,28,35,3,8
20120,2020-11-28,5,25,26,30,35,4,10
20119,2020-11-25,14,22,24,28,32,7,8
20118,2020-11-23,1,9,15,30,33,4,9
20117,2020-11-21,7,19,20,23,24,5,10
20116,2020-11-18,8,10,12,16,22,3,9
20115,2020-11-16,1,9,18,19,23,1,9
20114,2020-11-14,10,12,21,24,30,3,7
20113,2020-11-11,6,14,18,28,33,2,5
20112,2020-11-09,8,11,13,30,32,2,6
20111,2020-11-07,5,7,9,20,28,2,7
20110,2020-11-04,11,16,20,21,28,5,11
20109,2020-11-02,2,20,21,23,32,6,12
20108,2020-10-31,2,3,6,7,33,8,9
20107,2020-10-28,1,4,13,17,28,3,7
20106,2020-10-26,2,3,11,14,27,4,10
20105,2020-10-24,3,8,12,13,22,4,12
20104,2020-10-21,3,12,23,26,30,4,7
20103,2020-10-19,7,12,13,19,23,2,8
20102,2020-10-17,7,11,18,20,29,9,12
20101,2020-10-14,3,4,5,9,34,7,9
20100,2020-10-12,4,5,8,22,33,7,10
20099,2020-10-10,2,3,11,15,27,4,12
20098,2020-10-07,4,9,15,24,35,4,10
20097,2020-10-05,5,25,27,30,34,6,12
20096,2020-09-30,7,8,10,25,28,3,11
20095,2020-09-28,2,18,25,26,32,2,7
20094,2020-09-26,4,6,7,8,16,2,8
20093,2020-09-23,6,14,25,27,28,4,11
20092,2020-09-21,8,11,17,31,35,7,11
20091,2020-09-19,12,16,20,23,31,5,12
20090,2020-09-16,5,6,27,28,29,11,12
20089,2020-09-14,13,16,20,22,27,1,2
20088,2020-09-12,2,7,23,26,35,1,12
20087,2020-09-09,1,4,20,23,29,4,8
20086,2020-09-07,8,11,15,20,28,4,10
20085,2020-09-05,3,4,11,15,28,2,3
20084,2020-09-02,2,10,20,24,31,6,12
20083,2020-08-31,1,2,17,32,34,4,9
20082,2020-08-29,2,11,12,21,34,4,8
20081,2020-08-26,1,13,15,32,35,8,10
20080,2020-08-24,3,6,22,24,25,9,10
20079,2020-08-22,4,16,24,29,35,2,12
20078,2020-08-19,14,18,20,28,34,10,11
20077,2020-08-17,17,23,28,29,32,1,3
20076,2020-08-15,1,8,18,28,30,10,12
20075,2020-08-12,2,9,10,21,35,1,7
20074,2020-08-10,3,9,10,12,21,4,11
20073,2020-08-08,4,10,12,23,27,8,9
20072,2020-08-05,11,15,18,20,27,5,6
20071,2020-08-03,1,12,16,28,33,3,12
20070,2020-08-01,1,22,30,31,32,4,12
20069,2020-07-29,5,7,26,30,31,7,10
20068,2020-07-27,15,20,23,26,33,2,8
20067,2020-07-25,1,8,14,16,28,4,10
20066,2020-07-22,6,14,21,34,35,3,10
20065,2020-07-20,13,15,26,32,33,5,7
20064,2020-07-18,5,10,23,34,35,1,11
20063,2020-07-15,11,18,20,21,33,6,7
20062,2020-07-13,1,5,14,23,31,2,7
20061,2020-07-11,7,8,12,21,26,1,6
20060,2020-07-08,12,14,25,34,35,3,12
20059,2020-07-06,1,15,22,28,32,3,11
20058,2020-07-04,1,15,19,26,27,5,10
20057,2020-07-01,17,20,21,22,31,2,8
20056,2020-06-29,3,11,25,29,34,3,6
20055,2020-06-27,3,4,12,18,34,10,12
20054,2020-06-24,11,14,15,19,20,3,7
20053,2020-06-22,2,15,18,21,27,3,6
20052,2020-06-20,9,11,26,28,35,6,7
20051,2020-06-17,2,7,9,19,33,1,7
20050,2020-06-15,3,14,16,22,34,2,6
20049,2020-06-13,3,11,15,22,30,8,10
20048,2020-06-10,3,9,10,15,16,7,9
20047,2020-06-08,4,18,27,28,30,3,10
20046,2020-06-06,15,24,27,30,34,4,12
20045,2020-06-03,2,9,16,23,27,3,8
20044,2020-06-01,1,3,22,28,30,2,5
20043,2020-05-30,12,13,17,31,32,1,6
20042,2020-05-27,3,4,5,11,22,5,6
20041,2020-05-25,7,13,20,29,34,4,7
20040,2020-05-23,2,17,20,28,29,1,7
20039,2020-05-20,1,5,15,22,31,2,9
20038,2020-05-18,4,15,20,22,24,1,9
20037,2020-05-16,1,4,10,11,14,2,5
20036,2020-05-13,1,5,11,12,26,2,7
20035,2020-05-11,10,11,22,26,28,2,4
20034,2020-05-09,11,13,20,27,31,2,4
20033,2020-05-06,7,19,20,31,34,5,8
20032,2020-05-04,2,3,9,16,32,3,4
20031,2020-05-02,1,2,5,15,21,4,5
20030,2020-04-29,1,8,17,27,30,5,6
20029,2020-04-27,11,14,17,22,30,7,9
20028,2020-04-25,4,5,28,34,35,1,8
20027,2020-04-22,4,7,20,25,32,3,9
20026,2020-04-20,3,15,26,32,34,8,12
20025,2020-04-18,2,14,21,22,26,5,7
20024,2020-04-15,3,5,6,24,30,3,7
20023,2020-04-13,4,11,23,26,30,1,6
20022,2020-04-11,4,14,20,28,35,2,3
20021,2020-04-08,10,12,24,31,33,4,9
20020,2020-04-06,8,10,12,26,32,5,9
20019,2020-04-04,1,12,22,23,33,1,12
20018,2020-04-01,9,14,16,24,26,4,12
20017,2020-03-30,1,6,7,9,10,2,11
20016,2020-03-28,4,8,19,31,35,1,2
20015,2020-03-25,1,7,23,24,26,3,7
20014,2020-03-23,3,7,9,17,21,3,6
20013,2020-03-21,1,4,5,11,35,3,9
20012,2020-03-18,1,6,18,32,34,1,3
20011,2020-03-16,2,13,19,22,23,2,7
20010,2020-03-14,1,8,13,24,32,2,9
20009,2020-01-20,19,29,31,34,35,6,10
20008,2020-01-18,14,17,19,24,32,1,6
20007,2020-01-15,2,10,19,24,30,5,8
20006,2020-01-13,9,22,25,31,32,8,12
20005,2020-01-11,6,10,33,34,35,1,3
20004,2020-01-08,17,20,21,29,30,5,9
20003,2020-01-06,23,25,26,30,34,3,7
20002,2020-01-04,3,7,18,25,30,2,7
20001,2020-01-01,17,25,26,32,34,4,7
19150,2019-12-30,7,11,12,16,33,5,7
19149,2019-12-28,1,2,7,33,35,6,10
19148,2019-12-25,3,4,7,11,30,8,9
19147,2019-12-23,9,12,19,22,33,7,8
19146,2019-12-21,10,11,26,33,34,1,6
19145,2019-12-18,5,9,19,22,32,3,5
19144,2019-12-16,2,5,20,28,31,2,11
19143,2019-12-14,4,22,23,24,32,6,12
19142,2019-12-11,3,4,26,29,33,6,7
19141,2019-12-09,2,10,20,21,35,1,12
19140,2019-12-07,3,7,8,25,27,3,5
19139,2019-12-04,1,5,7,8,11,6,10
19138,2019-12-02,4,6,7,20,29,2,4
19137,2019-11-30,3,5,12,13,26,7,12
19136,2019-11-27,3,16,20,26,29,3,9
19135,2019-11-25,4,5,19,25,26,1,11
19134,2019-11-23,5,6,7,14,17,10,11
19133,2019-11-20,3,12,24,27,34,1,12
19132,2019-11-18,3,5,6,13,18,10,12
19131,2019-11-16,5,6,14,27,29,6,10
19130,2019-11-13,1,13,20,21,26,4,10
19129,2019-11-11,10,13,18,23,30,6,12
19128,2019-11-09,20,21,25,34,35,3,12
19127,2019-11-06,4,7,8,11,16,9,11
19126,2019-11-04,5,9,16,18,30,4,7
19125,2019-11-02,5,8,9,14,34,2,5
19124,2019-10-30,7,17,26,27,30,6,12
19123,2019-10-28,3,13,15,26,30,5,12
19122,2019-10-26,5,19,25,31,33,10,11
19121,2019-10-23,1,2,3,7,17,4,10
19120,2019-10-21,6,15,17,22,25,1,9
19119,2019-10-19,3,6,9,23,34,2,11
19118,2019-10-16,2,3,13,19,26,2,3
19117,2019-10-14,1,18,21,25,35,7,8
19116,2019-10-12,2,10,16,21,23,2,12
19115,2019-10-09,1,18,21,28,32,5,12
19114,2019-09-30,3,5,7,20,23,4,11
19113,2019-09-28,3,11,27,34,35,1,2
19112,2019-09-25,3,10,16,21,33,5,6
19111,2019-09-23,6,15,20,23,27,8,10
19110,2019-09-21,1,19,23,24,30,4,5
19109,2019-09-18,2,7,8,20,25,11,12
19108,2019-09-16,24,27,28,31,34,4,8
19107,2019-09-14,5,9,19,27,35,2,3
19106,2019-09-11,5,8,10,32,35,2,10
19105,2019-09-09,1,4,9,14,17,1,6
19104,2019-09-07,2,7,19,22,28,3,5
19103,2019-09-04,5,12,22,27,32,4,7
19102,2019-09-02,5,10,15,19,31,3,6
19101,2019-08-31,5,11,18,19,27,5,6
19100,2019-08-28,5,8,12,19,21,6,11
19099,2019-08-26,4,6,18,27,33,7,9
19098,2019-08-24,13,15,17,19,22,3,4
19097,2019-08-21,10,17,20,30,35,10,12
19096,2019-08-19,2,12,22,23,27,2,6
19095,2019-08-17,3,12,17,19,31,2,6
19094,2019-08-14,1,12,14,26,27,7,9
19093,2019-08-12,16,17,26,29,35,1,7
19092,2019-08-10,2,11,15,27,30,2,5
19091,2019-08-07,4,13,20,26,28,3,12
19090,2019-08-05,13,19,28,30,33,2,12
19089,2019-08-03,9,14,18,33,34,3,12
19088,2019-07-31,1,5,18,27,33,6,8
19087,2019-07-29,5,6,18,19,27,7,12
19086,2019-07-27,5,15,16,28,31,2,7
19085,2019-07-24,4,5,6,15,26,8,11
19084,2019-07-22,12,23,25,34,35,1,7
19083,2019-07-20,17,24,26,28,32,7,9
19082,2019-07-17,6,18,20,21,31,3,4
19081,2019-07-15,6,24,26,30,33,2,7
19080,2019-07-13,5,13,18,19,24,2,7
19079,2019-07-10,10,13,16,28,35,4,5
19078,2019-07-08,5,10,21,26,30,1,7
19077,2019-07-06,1,15,17,21,33,7,10
19076,2019-07-03,1,6,11,23,29,1,11
19075,2019-07-01,5,6,7,11,16,2,11
19074,2019-06-29,8,9,13,14,34,5,7
19073,2019-06-26,4,11,19,20,24,8,11
19072,2019-06-24,2,4,6,9,18,7,10
19071,2019-06-22,7,13,14,15,22,7,11
19070,2019-06-19,2,13,15,22,34,2,12
19069,2019-06-17,8,22,23,33,34,4,6
19068,2019-06-15,4,5,8,17,27,6,11
19067,2019-06-12,3,8,11,15,16,2,10
19066,2019-06-10,4,10,11,18,31,5,8
19065,2019-06-08,3,8,10,23,27,2,12
19064,2019-06-05,7,8,13,19,29,11,12
19063,2019-06-03,5,8,15,18,21,4,8
19062,2019-06-01,5,16,23,25,28,1,12
19061,2019-05-29,1,2,13,14,26,5,11
19060,2019-05-27,1,11,12,18,21,8,10
19059,2019-05-25,7,8,15,27,32,8,12
19058,2019-05-22,3,10,13,14,32,7,11
19057,2019-05-20,8,14,16,34,35,6,12
19056,2019-05-18,1,7,10,12,23,6,8
19055,2019-05-15,2,4,6,19,22,2,6
19054,2019-05-13,2,18,23,27,30,5,10
19053,2019-05-11,1,11,19,26,35,11,12
19052,2019-05-08,4,10,15,20,24,7,11
19051,2019-05-06,11,15,16,20,29,4,8
19050,2019-05-04,4,15,16,20,35,3,12
19049,2019-05-01,10,16,22,26,27,7,11
19048,2019-04-29,6,10,16,29,33,5,11
19047,2019-04-27,3,4,10,16,32,4,9
19046,2019-04-24,2,8,14,15,35,10,12
19045,2019-04-22,1,4,16,19,33,3,12
19044,2019-04-20,3,6,10,12,31,1,2
19043,2019-04-17,2,6,7,12,15,6,12
19042,2019-04-15,4,10,13,28,33,11,12
19041,2019-04-13,12,19,20,22,28,2,6
19040,2019-04-10,1,3,31,32,34,1,3
19039,2019-04-08,1,12,18,26,35,6,12
19038,2019-04-06,5,11,16,18,27,7,12
19037,2019-04-03,6,16,26,33,35,4,8
19036,2019-04-01,3,9,21,28,30,1,12
19035,2019-03-30,1,3,5,7,18,8,9
19034,2019-03-27,8,12,15,27,30,1,2